ISO3,1961,1962,1963,1964,1965,1966,1967,1968,1969,1970,1971,1972,1973,1974,1975,1976,1977,1978,1979,1980,1981,1982,1983,1984,1985,1986,1987,1988,1989,1990,1991,1992,1993,1994,1995,1996,1997,1998,1999,2000,2001,2002,2003,2004,2005,2006,2007,2008,2009,2010,2011
AFG,61.30409306,59.79869332,80.42300207,83.79481181,103.0891031,140.1383832,163.7007886,131.2214359,131.3136212,158.7642309,161.709516,137.0236876,144.8505998,175.6255239,188.5521201,199.5466136,226.5788854,250.007641,278.9397783,276.2977514,268.3465596,,,,,,,,,,,,,,,,,,,,115.3125095,185.9592901,198.2877991,220.0562878,252.4078925,275.3509409,373.5914162,376.9776699,450.659239,561.1976175,619.5921204
ALB,,,,,,,,,,,,,,,,,,,,,,,,641.1309859,638.5410262,687.4115586,663.2683182,637.2072698,685.9122032,609.7176985,329.261478,205.8258776,359.3709141,586.7191785,722.0373681,901.8793989,659.2659041,820.2620793,1035.10052,1115.493916,1244.953035,1363.334633,1744.875982,2320.89233,2620.820724,2872.260625,3380.894192,4108.414124,3845.72172,3764.326348,4109.082012
DZA,210.608129,168.9719717,222.7192964,233.8101099,245.5769914,231.6451766,249.7574356,277.3914186,297.9845459,331.0554462,336.2797085,435.909848,546.8955929,806.7162858,924.2237019,1024.08182,1177.631955,1438.282716,1760.337241,2174.31747,2205.970102,2176.916796,2274.774616,2424.248732,2535.858517,2705.94603,2755.01376,2372.584992,2175.093523,2364.549879,1699.856511,1743.346069,1773.820483,1479.600215,1424.642484,1572.831937,1587.646138,1563.500973,1555.191033,1727.333251,1716.34994,1751.545119,2060.954916,2540.661313,3013.438721,3395.502185,3869.373164,4786.213162,3796.245594,4364.961709,5257.500784
AGO,,,,,,,,,,,,,,,,,,,,,,,,,750.721957,681.9084598,772.2105078,813.960941,923.5829012,992.872871,1144.659637,525.2677821,464.7843426,345.6891602,416.3200958,604.4394354,597.9317814,490.5820149,455.4139458,655.6294946,621.1959301,767.9226056,905.0126624,1237.753057,1706.543616,2440.631716,3412.718998,4596.268431,3988.683557,4218.649126,5159.233666
ARG,,1148.169613,844.725024,1165.785164,1271.415566,1265.777345,1057.328068,1136.125925,1323.707905,1317.186989,1366.118074,1401.324892,2083.811883,2824.427666,2011.421437,1932.103107,2111.621363,2128.116083,2499.956643,2736.897378,2755.744428,2908.250929,3532.450473,2646.406659,2914.154511,3602.179183,3554.877803,3979.637126,2382.217236,4332.656387,5736.020465,6824.997085,6971.142245,7483.863863,7407.645208,7717.47986,8205.45296,8278.972516,7764.656497,7701.358535,7208.814628,2711.85077,3413.109072,3997.243288,4740.067029,5490.435174,6630.045288,8231.225997,7674.342397,9132.958027,10951.58193
ARM,,,,,,,,,,,,,,,,,,,,,,,,,,,,,,636.68069,589.0029482,368.9168368,356.5073514,399.7512025,455.5502761,503.2319696,522.522072,608.3366487,596.5059963,621.4248263,692.3188255,779.8928417,924.5821548,1182.09736,1625.396904,2126.089566,3079.144086,3916.730427,2913.60061,3124.784296,3420.26571
AUS,1874.304768,1850.069454,1962.923131,2127.266029,2277.066676,2338.61232,2574.386134,2719.056761,2985.762253,3299.932752,3489.952294,3942.457794,4763.724147,6474.668742,6992.14581,7477.197888,7763.696539,8239.640602,9281.445088,10198.18642,11849.14383,12776.40898,11523.29652,12453.61952,11461.12664,11360.61499,11616.64635,14283.86856,17825.8206,18248.47681,18870.29322,18610.34245,17677.88562,18113.28255,20395.92677,21948.58866,23540.06458,21364.20512,20578.82656,21708.03726,19541.42203,20100.9881,23446.32843,30381.05654,33947.56415,35992.03633,40470.14904,49206.68114,42403.59589,51586.08735,62002.84378
AUT,1031.815004,1087.834243,1167.000532,1269.412583,1374.53214,1486.968606,1569.667183,1677.673528,1825.386126,2037.616673,2356.515558,2894.006318,3850.748013,4583.17943,5231.314682,5620.045201,6740.653304,8121.163487,9693.141242,10757.86946,9288.82217,9313.662513,9439.417257,8898.688186,9077.859908,12948.65331,16224.34535,17398.01096,17289.46502,21458.23272,22180.65535,24624.53784,23834.107,25383.19881,30014.27275,29485.60821,26082.45851,26743.79194,26563.20954,23974.18307,23833.83424,25679.0944,31268.6307,35662.21182,37067.32383,39299.6143,45181.46759,49679.1107,45859.42555,44916.36084,49581.46483
AZE,,,,,,,,,,,,,,,,,,,,,,,,,,,,,,1237.324492,1209.237493,676.1515115,530.0903798,436.1905586,397.1981161,409.2167452,505.5605732,561.9103017,573.8902562,655.0974326,703.6712504,763.1012122,883.614009,1045.026415,1578.36733,2472.997476,3851.325664,5574.603802,4950.294791,5843.169753,7189.815151
BHR,,,,,,,,,,,,,,,,,,,,8537.597307,9269.146282,9446.158325,9421.452327,9590.777424,8706.829379,7041.42332,7554.512017,7957.790065,8029.987087,8528.760059,9057.723469,9088.579443,9707.222832,10138.12399,10376.36478,10525.95003,10628.05926,10013.87948,10330.86615,11927.90438,11347.32817,11591.41017,12625.47578,13693.60462,15303.78392,16672.72336,17894.16768,19625.57958,16213.33632,20545.98827,22466.94518
NGD,94.54855698,96.96753586,98.67434672,97.04055282,103.262133,109.0920987,118.97624,118.9600629,130.8870765,135.6187022,129.4117809,91.49191709,115.6546162,175.7720078,268.3990519,136.3609354,126.9433183,170.4791911,194.2375003,219.5756085,233.1521944,207.7518848,191.9000332,214.2618275,229.2263543,218.4812139,239.0643871,251.0324273,256.0164921,280.5656163,281.5987649,282.0296249,288.6617868,287.7124272,316.5085869,332.2362578,338.6985621,345.8759387,351.582591,355.9734341,348.7568929,347.2186123,372.9805204,400.4724749,421.1233114,427.291167,467.1363614,537.6384971,597.7118029,664.0642317,732.0677462
BLR,,,,,,,,,,,,,,,,,,,,,,,,,,,,,,1704.740304,1747.438671,1666.227513,1590.035409,1460.017544,1370.67271,1452.447002,1396.502166,1511.770268,1209.614881,1273.049124,1244.441997,1479.465321,1819.479028,2378.374894,3126.367778,3848.596299,4735.953138,6377.359692,5182.630404,5818.854859,6784.711838
BEL,1350.197673,1438.523233,1535.023729,1701.846276,1835.594766,1957.62608,2086.636005,2222.361511,2458.08182,2732.224225,3045.402163,3784.992768,4841.307064,5664.005657,6619.807302,7154.884072,8324.373084,10164.51999,11666.85557,12707.42027,10493.50036,9230.126481,8738.556775,8354.325824,8644.302473,12021.90541,14951.61675,16191.57935,16323.91663,20349.62487,20785.53888,23088.12465,22012.69312,23913.88524,28067.96974,27154.33688,24532.02692,25051.33996,24886.86566,22697.0123,22600.91615,24465.3335,30039.09224,34706.6939,36011.4694,37918.7732,43255.39528,47374.44813,43843.1098,43000.1509,46512.88987
BEN,95.566922,94.45187434,99.8404447,104.323759,110.1326112,112.9735471,112.0276403,117.0224628,116.1885064,114.7366635,112.7455182,135.0086718,162.1749431,174.1707255,207.4405897,208.7604401,218.5292906,263.6310781,327.82315,377.9566361,337.7945068,322.4788073,270.7670926,252.4356598,243.9115095,302.6655703,343.6791653,345.809265,310.6327258,391.8934468,383.2953623,315.2182868,407.4501881,276.1591211,362.4709494,382.2854406,356.5782605,375.0241065,369.2449748,339.4730257,348.3345495,378.6587084,464.046143,511.2929789,532.6109983,557.2324469,632.3608696,739.2561276,712.616527,689.6483313,745.9154748
BOL,178.6670557,191.0530559,201.1678703,221.6076527,242.2988931,258.9901382,275.9853822,226.042366,234.2919252,241.1932419,253.4997481,283.9378101,278.1858344,451.3357573,504.3222286,559.3622234,645.2329056,733.7970594,843.1610774,845.1427662,1071.763988,993.9185343,940.9966975,1045.652331,890.166151,640.0480509,682.9053919,709.3484317,710.7024964,716.4483086,768.0698949,792.3110451,786.3573341,801.3666765,879.4821319,947.4825861,993.3838364,1042.610571,995.5125476,988.5332917,939.1453736,893.946881,896.3721195,954.9220911,1020.79031,1203.254187,1355.87944,1695.557333,1735.14337,1934.675258,2319.608523
BIH,,,,,,,,,,,,,,,,,,,,,,,,,,,,,,,,,,343.1708414,530.1264167,799.3072569,1038.410242,1130.706392,1248.86054,1435.957686,1481.945715,1706.501954,2148.484346,2578.738087,2821.78775,3199.896836,3949.842081,4802.466744,4433.146179,4361.877138,4751.482449
BWA,61.30228794,64.79115811,67.48070285,71.78598709,76.83900543,83.94368984,92.87705257,101.789896,115.2214618,138.8439561,177.2978456,223.279509,318.8310019,385.8523659,431.6554757,435.2463696,508.1426137,638.711186,853.3145524,1063.512327,1038.177983,947.4371725,1057.529832,1082.547929,941.0179809,1137.990354,1555.667942,2029.290298,2295.467134,2739.073484,2767.87741,2830.212158,2763.675075,2809.364605,3014.535032,2961.057837,3125.483127,3067.515933,3400.998032,3208.770041,3383.371727,3367.373158,4412.75501,5417.844903,5467.274346,5341.406422,5711.752637,5746.967776,5178.438217,6980.364929,7697.395703
BRA,203.190475,257.8233014,289.0583275,258.6279445,258.2388961,312.0633232,343.5263863,370.7245833,399.7325007,440.6354471,499.9036829,580.6711362,767.9947829,994.7260068,1143.132218,1377.857234,1552.781332,1728.643262,1891.705908,1930.538471,2115.074377,2208.832593,1558.418524,1567.315607,1636.601162,1928.720174,2074.409516,2287.237001,2893.657808,3086.915491,2677.149908,2526.336624,2791.518675,3426.101824,4749.814207,5107.79392,5219.098144,4979.144846,3411.865896,3694.462668,3128.144846,2810.695347,3039.671627,3607.191571,4739.305437,5787.975574,7194.078944,8622.708675,8373.339742,10978.09355,12575.97941
BGR,,,,,,,,,,,,,,,,,,,,2261.417284,2255.761258,2220.823183,1897.078564,1943.06261,1959.938778,2261.757713,3168.865125,2561.108705,2449.800833,2377.335786,1267.734414,1214.484933,1278.517392,1149.377993,1554.721723,1063.075661,1209.502744,1581.824574,1611.129004,1579.34824,1729.191157,2030.788523,2641.787723,3249.287396,3733.263161,4313.430636,5498.035729,6798.138189,6403.147686,6334.678269,7286.64187
BFA,71.5582089,76.52061097,78.37210249,80.47270761,81.72511987,82.54562462,84.36313619,84.73303283,86.52021767,81.49993121,84.28782711,99.32678734,113.7804652,124.3589337,152.7281454,155.6489366,176.7832501,225.9415576,262.0758372,282.6857854,254.2308043,245.0946289,217.9946709,193.8431596,200.8942645,256.7624457,291.1317961,313.0618339,304.8532727,351.9792491,346.410432,240.9633995,244.1271502,193.0702424,235.8322318,249.3646791,229.5052257,255.738905,267.2115822,224.9286471,235.4617989,260.6935797,332.2270756,371.2179868,406.9988043,422.8448175,474.5899781,569.6392934,553.0423743,592.6074699,649.92523
BDI,71.46943355,73.76032779,78.87416092,86.5716238,51.63793676,52.45748852,55.11290688,55.22538559,56.05911385,70.21250721,72.08427138,69.57464447,84.94113497,95.27527395,114.4921667,119.7466788,143.1306097,155.758233,194.7068056,222.8809396,228.5597928,232.4235223,241.350851,213.4434481,240.8759845,243.4790645,221.5647959,204.9682729,204.414541,201.9491438,203.0338024,184.106199,156.3422534,151.3355106,161.1015779,138.0628074,152.741207,138.6191491,123.4596667,130.4238485,128.1980583,117.2814013,108.014551,121.8593036,143.7835295,158.3050232,162.8275094,186.8717489,194.8966661,219.5297995,246.9143271
KHM,109.5186252,109.5566437,117.9156302,123.730817,134.3498164,138.8041906,143.8523912,156.87125,141.8548978,102.3136237,135.2976209,68.92819845,93.9276829,77.76126294,,,,,,,,,,,,,,,,,,,251.4266166,267.6283312,319.5414946,316.1859813,302.1609356,267.0378131,294.0723366,298.9503625,319.0848624,337.0772587,360.1448905,405.9378328,471.1625029,536.6577307,628.4268517,742.5713353,735.4192635,782.6188886,878.3830178
CMR,120.1198714,125.0272859,126.526884,133.7305453,135.969396,139.1730804,148.7210921,163.593492,174.5961743,171.3200388,177.5821328,200.5714071,240.0051702,299.546505,355.6461114,386.5308919,411.1424748,523.3887876,670.0100815,754.6648207,829.9342339,772.4072578,755.5204249,774.7025727,784.9096071,992.4963424,1115.211585,1098.755842,950.76221,923.8812783,1000.32416,890.5573168,1027.557021,680.6305956,626.9557457,679.7773813,668.9962179,637.3908262,675.9501594,583.0948592,589.1651391,648.2987607,790.8953432,892.5257391,914.5531201,964.6015355,1069.856826,1211.304186,1103.67512,1090.382597,1196.843268
CAN,2231.293824,2255.230044,2354.839122,2529.518179,2739.585849,3010.705908,3173.076194,3411.060154,3703.990405,4047.268455,4503.180745,5048.481943,5764.261107,6915.889343,7354.268358,8624.613972,8731.678917,8931.293455,9831.079371,10933.73156,12075.0246,12217.37343,13113.16893,13506.37154,13711.5156,14076.75234,15876.84241,18522.65837,20289.76637,20968.04115,21234.37582,20320.47371,19549.0171,19390.48537,20117.09961,20684.94578,21260.28681,20390.38845,21681.37931,23559.50369,23017.36875,23425.22643,27335.30883,31011.91122,35087.89259,39249.99822,43248.50032,45101.55717,39659.05686,46211.53386,51554.05921
RCA,80.52069618,79.96806883,81.58782909,87.85880661,91.32220743,93.84542062,95.32440203,109.2530119,104.9238121,103.4097967,108.0312859,121.1775262,139.9782495,142.414234,187.6989974,218.8339562,240.5922529,282.8079239,316.5156714,350.4912064,296.9186618,310.3590912,265.1259066,249.5448519,329.7192008,417.315023,442.1340701,458.9654144,444.8944937,510.675109,471.3130385,470.0905836,415.6097789,266.5071894,342.4954949,319.3971769,292.3090511,299.3603002,294.5281985,251.3254089,251.5711858,263.1693586,297.5088825,326.0796178,340.843925,365.3503297,413.2848572,473.8768496,464.5142845,456.2721582,488.2242235
TCD,109.0915357,114.5403021,116.7325801,120.7733725,125.9245699,128.2901557,130.9070451,129.6798101,132.119071,128.7457325,134.6432605,153.4020682,165.5783267,163.1126061,211.4531988,207.5317562,219.8384931,256.8787143,227.1481568,228.9071122,190.187236,176.9237731,172.348098,185.5032991,202.8885431,203.6776301,215.1674279,265.5898249,248.703917,292.1253366,305.5954837,296.8713149,223.6559843,174.6474692,207.141431,222.7375078,206.9700867,225.8833704,191.7646972,166.8513453,198.2791131,221.8337338,293.9101789,456.7944314,529.4326176,588.8879566,655.1614253,757.9602236,622.7902757,728.6779649,875.9403065
RCH,599.73615,683.7692858,664.4146993,685.3074867,699.5309454,792.6958602,765.0930096,767.3241729,870.123169,937.5909655,1096.277154,1161.43292,1622.455502,1513.260181,693.0920247,931.6801615,1245.055732,1415.604501,1879.181039,2463.488351,2872.854336,2108.53912,1685.218647,1612.585419,1359.451807,1437.152292,1666.66134,1931.545749,2186.65499,2388.307454,2706.813295,3244.299788,3416.87212,3882.808212,4941.045248,5167.599171,5567.942178,5266.152019,4781.7048,5133.077311,4625.336377,4487.150018,4866.33225,6223.973768,7614.522058,9371.427743,10383.49089,10672.25349,10106.50848,12670.67341,14501.24759
CHN,75.87257116,69.78987327,73.68876603,83.93043528,97.47009798,103.1811715,95.49668825,90.37133078,98.8898853,111.8227255,117.1815906,130.1112674,155.078442,157.9993781,175.865754,162.9205149,182.678568,154.9720597,182.2847006,193.0220513,195.3054051,201.4447468,223.251945,248.2889082,291.7744907,279.1851067,249.4127911,280.9678615,307.4899926,314.4306005,329.7490887,362.808414,373.8000229,469.2131942,604.2280606,703.1207994,774.467161,820.8630768,864.7303144,949.1780621,1041.637704,1135.44795,1273.640743,1490.380056,1731.125235,2069.343631,2651.260121,3413.588661,3749.272424,4447.756211,5441.759412
COL,276.1183353,292.5060777,276.541382,332.4838998,311.987391,285.3511258,291.1670233,292.4874383,308.0239016,337.2427887,357.417814,387.0407113,449.9840713,527.4464698,545.8617262,624.7098372,774.6670837,904.3035223,1061.313488,1240.067543,1320.804427,1383.144768,1344.632561,1299.445674,1160.187872,1137.519996,1159.771588,1225.046589,1210.758187,1209.183533,1214.453693,1423.929203,1582.581351,2274.885405,2529.325296,2609.297132,2814.134205,2552.468374,2196.714685,2503.549492,2421.272646,2376.083803,2261.283608,2752.913454,3392.924413,3712.785525,4661.213383,5403.455735,5104.991186,6179.770212,7144.328787
COG,145.8479468,155.9787896,157.0802164,164.8306189,171.2731734,185.3235338,193.9225203,199.4986938,204.4579259,205.9491868,234.1257637,289.4980973,370.5124346,388.1728351,493.6618817,471.5065663,464.5266437,518.3430017,686.9932673,949.5577014,1077.591705,1133.949876,1068.74287,1085.752382,1039.423729,864.9159833,1045.371936,979.5249718,1029.780383,1174.323843,1113.539533,1167.768341,744.2415125,668.2355461,777.7615975,908.1794991,806.966776,658.3067765,773.1820463,1029.974585,871.6709433,919.6870144,1039.379799,1347.870907,1718.100815,2120.097846,2233.308252,3059.226535,2401.298155,2920.406708,3414.05471
COD,197.3911749,235.6326419,377.4279087,170.4663094,232.8114307,253.7619344,184.1347567,206.7225684,258.6190224,243.7635593,272.0760665,292.2956445,362.8285429,430.6908308,447.0011452,409.6200562,509.3002382,616.3482759,587.4426099,546.1435373,463.3280667,491.6370638,386.3290846,268.6997589,239.5164126,262.2248377,241.3797272,271.1605965,267.4895691,267.8202893,250.6815716,217.4928516,272.7593079,142.9654552,134.3275463,133.8382832,138.181988,138.2442434,102.666198,91.7010826,97.40719338,111.9710813,111.2393513,124.049698,133.1002707,158.7273182,175.1042702,198.4957712,185.2322376,210.7691771,244.8500521
CRI,354.9134346,334.8370102,345.4389777,353.9724108,374.5748196,396.5118722,416.0359034,447.5309908,480.6270695,540.4900482,576.9295675,647.8881765,781.7384152,832.2911261,955.5511277,1145.901902,1421.073235,1585.745312,1766.806127,2057.312053,1086.538146,1049.636981,1557.1258,1749.686548,1777.440163,1975.566228,2050.858072,2073.542332,2287.888571,2404.851282,2269.516518,2651.439766,2909.842483,3111.034977,3370.239518,3320.588726,3507.081998,3759.881075,4111.832583,4058.044574,4087.118987,4114.566939,4199.694784,4379.391064,4621.364124,5128.920364,5897.498163,6582.736332,6396.154084,7783.435606,8669.320413
CIV,171.6359695,172.5127542,195.6490451,227.4412949,217.9687483,232.7477985,235.8672598,267.2454416,271.6764349,277.6624712,288.6745104,321.7673081,416.5840739,486.7126607,589.4045367,674.0805738,865.6978327,1043.818192,1155.606731,1231.087928,977.1054392,840.3571244,728.5325252,700.1602768,686.9096259,868.6101322,923.0408844,906.2250499,833.1744926,891.0550882,837.3953129,861.1671369,825.8288219,602.4813869,773.708488,829.6138492,779.2911443,828.0759944,794.5994473,645.7656817,642.2152213,688.8559652,812.3976352,902.9864166,940.7521438,983.2914236,1102.882499,1282.267081,1238.708134,1207.84514,1241.561111
HRV,,,,,,,,,,,,,,,,,,,,,,,,,,,,,,5184.552965,4025.822867,2299.659884,2349.250084,3135.136981,4721.697879,5193.904281,5140.349129,5577.96059,5067.558475,4861.67751,5191.901985,5974.075765,7689.956996,9237.116223,10090.36669,11228.62138,13376.00923,15695.82145,14053.78247,13326.50628,14434.70172
CUB,,,,,,,,,,653.2380917,779.5623039,901.3674037,1088.44027,1224.411871,1380.261716,1444.873403,1474.636367,1837.764035,2003.294684,2024.678974,2038.214587,2109.996725,2226.118644,2397.087966,2270.124431,2378.929831,2451.274589,2641.236214,2572.873458,2702.185284,2275.925901,2052.991446,2066.917658,2615.018812,2783.443297,2278.285342,2300.945851,2326.174356,2555.068738,2744.124479,2835.076661,2995.899528,3192.400519,3388.766954,3776.470549,4666.988169,5185.382272,5382.815961,,,
CYP,,,,,,,,,,,,,,,753.9957512,876.1479209,1104.200255,1431.89287,1895.109389,3143.117113,3028.987383,3121.596115,3112.584661,3265.290842,3453.795714,4338.847257,5121.532054,5809.811524,6076.161083,7293.308109,7368.04665,8633.065811,8048.581357,8870.049557,10813.96037,10703.39059,9998.00627,10520.98887,10563.28264,9874.977135,10067.07878,10774.17488,13344.33854,15570.64446,16461.39052,17586.11056,20545.49752,23509.21558,21587.8098,20959.28669,22384.04455
CZE,,,,,,,,,,,,,,,,,,,,,,,,,,,,,,3786.861036,2782.962672,3240.533255,3800.960351,4448.874657,5595.615781,6291.138505,5770.887652,6203.713058,6044.981144,5724.824861,6288.80425,7685.088816,9335.666821,11156.66547,12705.60825,14445.72527,17467.432,21627.16158,18805.65064,18866.85523,20580.17767
DNK,1503.537013,1681.029913,1775.370385,2013.243077,2243.931595,2443.259791,2644.786647,2712.6124,3068.236741,3366.068429,3730.62181,4525.817461,5966.277248,6609.436163,7824.975551,8610.205888,9601.170315,11617.03581,13516.41503,13607.06535,11788.17338,11516.09008,11576.33422,11290.86449,11968.61622,16866.49631,20941.26019,22074.35958,21443.03865,26422.82938,26520.38615,29043.65583,27102.85436,29502.09453,34773.67544,35043.36474,32248.95949,32738.68328,32685.31895,29980.15547,29946.38183,32344.31979,39443.26817,45282.068,47546.59459,50462.23358,57021.17318,62596.48854,56226.58015,56485.89444,59889.0051
DOM,190.9947668,232.775625,257.171126,271.4584467,227.7469052,244.6166517,249.5837056,252.6536196,279.848172,328.3437923,358.2343929,415.7285182,477.5887306,580.5941525,696.3619805,745.7539989,844.9959372,858.8134689,966.1396299,1138.229396,1218.872755,1305.491417,1381.646651,1618.778442,773.270238,918.3519783,855.6864255,772.8449269,941.9048269,976.3355041,1315.458239,1495.631946,1687.835222,1852.242783,2050.459494,2233.375213,2373.095064,2522.627373,2545.654799,2769.882322,2829.192446,2973.657145,2344.53392,2393.6463,3639.378824,3787.453472,4287.800701,4688.355278,4725.707444,5156.72852,5485.884706
ECU,210.8021207,200.5620567,211.0880997,228.3238383,457.9240662,452.6758724,462.1951938,453.9991135,531.6002219,475.1230372,444.316003,499.6582259,593.5035872,978.9128044,1115.89244,1277.119426,1507.865528,1587.782999,1839.045032,2260.783667,2688.306366,2395.601962,2011.127159,1934.459284,1913.523859,1666.937229,1480.873524,1352.400132,1404.977948,1505.323071,1639.686434,1707.263413,1747.670246,2050.318154,2159.138541,2182.706817,2386.709189,2323.556239,1598.83413,1462.32021,1914.449166,2191.009606,2442.269036,2704.665155,3012.752437,3337.400363,3574.877893,4255.851995,4236.777555,4500.591558,5035.242493
EGY,150.5618355,135.2901789,136.8125937,153.054248,159.3201647,162.1128248,165.0699194,176.2562566,193.2310353,211.3927522,222.4902298,230.9622323,248.2774601,228.0358189,283.405304,324.1849677,347.7014292,345.3003643,412.9566108,509.9375612,509.4149689,544.6182558,585.3190174,622.9439454,689.0156289,696.0957376,767.5322439,648.839948,718.1745077,765.5840863,644.2256203,717.0630967,785.371376,861.6366864,983.5020605,1088.6318,1243.168764,1323.70359,1393.453173,1509.58102,1452.766703,1286.192278,1194.306817,1116.925161,1249.49326,1472.570548,1757.760484,2156.762969,2461.530857,2803.532963,2972.366713
SLV,222.5503251,239.2951286,244.9018768,261.5102936,,,,,,,,,,,,,,,,,,,,,,,,,,898.3354923,978.9326832,1080.479466,1239.519275,1424.078949,1652.83054,1776.474423,1901.671507,2037.045209,2102.387698,2204.162078,2307.778454,2381.152897,2495.569186,2611.161072,2814.93504,3042.748428,3283.530558,3483.70942,3341.320201,3444.456148,3698.546188
ERI,,,,,,,,,,,,,,,,,,,,,,,,,,,,,,,,143.1912945,139.8889723,157.9616444,169.6148805,199.670684,192.8164079,203.2320115,181.5155794,179.3116049,183.4325248,170.3394647,194.576027,237.7127366,226.2898568,240.5468163,252.9776299,256.4375698,334.0648852,368.7477582,439.5423714
EST,,,,,,,,,,,,,,,,,,,,,,,,,,,,,,,,,,,2629.019511,3339.859371,3609.826134,4035.564361,4150.033724,4143.930269,4572.91227,5386.3902,7270.283436,8912.793921,10330.28166,12503.09468,16392.72413,17738.48226,14263.98614,14062.23289,16534.22054
ETH,,,,,,,,,,,,,,,,,,,,,201.3923529,206.1171017,222.2397779,203.4444088,230.7357477,232.1502249,240.2900883,241.0224327,245.2716972,251.4963377,268.60482,202.0966256,164.2411436,124.5502898,133.3778457,144.2296445,146.7513969,129.413422,121.9950736,123.8869067,120.2025771,111.3826214,118.8783667,135.74312,161.5734727,193.6923582,243.120062,325.1050267,379.4166131,341.0772185,354.712625
FIN,1327.427224,1411.702398,1522.319242,1707.503938,1882.086858,2010.213456,2034.18905,1907.077272,2178.03525,2436.341684,2683.909177,3139.88051,4123.5765,5234.647834,6181.200084,6659.59229,6985.092202,7538.150382,9221.335185,11090.54555,10789.89906,10809.58258,10355.68751,10675.99906,11215.32922,14704.69661,18257.04457,21668.46656,23526.65971,27852.29213,24991.46168,21850.73356,17240.23292,19776.73638,25609.13824,25037.85381,23928.21124,25179.59983,25229.59582,23529.53846,24025.11823,25993.83997,31508.87523,36162.65601,37318.79732,39487.05406,46538.17128,51186.48516,44837.71087,43863.96693,48842.96239
FRA,1445.151914,1590.196487,1756.804062,1922.697598,2045.442146,2193.06134,2350.344029,2537.313463,2731.540442,2821.830362,3128.738468,3807.638653,4911.357945,5257.723804,6581.168213,6760.227266,7429.3853,9129.92943,11003.86271,12500.29078,10903.85388,10294.31951,9801.341523,9235.038864,9564.167447,13271.24207,15968.19559,17319.95194,17328.28417,21300.82099,21268.24832,23330.2662,21944.03553,23059.24565,26403.14068,26321.72739,23705.83936,24405.8895,24075.04343,21774.94473,21812.19143,23494.40841,28794.07109,32784.83759,33818.96875,35457.04618,40341.91492,43991.69953,40487.8939,39186.02244,42521.81295
GAB,332.7720383,358.8833894,299.5184685,412.2037765,425.7827783,453.6852743,490.9503927,521.1095146,551.1124488,549.5955725,635.4122796,703.4565233,1159.463727,2430.619003,3328.724905,4545.689314,4150.751629,3450.337195,4273.424487,5891.134103,5186.871665,4737.851058,4328.218085,4427.909278,4043.357961,4010.63118,3762.846914,4277.531604,4543.95728,6287.392948,5555.478791,5598.980833,4269.520409,3980.747348,4589.496721,5135.789908,4683.278453,3843.395824,3899.086639,4135.25406,3754.363924,3836.796681,4601.604454,5328.485186,6281.954684,6756.271159,7994.304825,10609.54208,7948.986361,9342.714574,11788.54857
GMB,,,,,,108.314645,112.1554125,96.7313637,103.6440391,116.9194529,121.098443,124.6698378,153.488279,189.5029864,221.0446538,209.1516377,250.2489484,302.6146326,353.9449806,398.8992418,349.7971746,333.3074097,317.0515308,252.9477562,308.3305895,242.1699306,274.3653184,316.3146216,322.4441049,345.8550221,727.0419851,729.0793623,748.8687622,720.1508414,737.5114541,773.9904929,713.0819428,724.8393765,682.8385699,637.1042713,542.6821764,442.5269099,361.1578366,415.8139687,434.4954445,441.9196561,522.3399183,612.0285776,553.0993514,566.3353254,517.752432
GEO,,,,,,,,,,,,,,,,,,,,,,,,,,,,,,1611.410842,1310.472642,757.3839392,550.0153945,517.087113,569.0181411,670.4611048,774.6802109,805.27269,628.865658,691.9977052,733.9704138,779.3845906,922.0297396,1186.873047,1469.974624,1764.870436,2317.988501,2919.690052,2440.961318,2613.681413,3219.558512
DEU,,,,,,,,,,2672.018304,3089.070658,3686.970317,4883.812831,5457.011296,6035.008415,6420.640306,7434.897758,9175.900461,10916.79808,11746.4041,9879.457435,9593.657326,9545.859342,9012.479369,9125.12102,13027.19502,16139.05162,17352.34321,17190.82613,21583.84352,22603.61647,25604.72543,24735.62024,26375.84573,30887.86549,29749.97126,26296.53061,26547.77535,25956.63741,22945.70885,22840.27405,24325.66645,29367.40894,33040.05141,33542.78138,35237.60326,40402.99008,44132.04182,40275.25076,40163.8174,44021.21969
GHA,189.6659249,195.1135448,211.0006339,230.4617076,266.383987,269.5233398,216.8797037,202.7814405,233.6117366,257.6815833,273.8727174,232.5687523,263.6960824,301.3670277,285.8228567,275.8790208,313.0009505,353.6983931,381.0213051,411.5000477,379.7797961,351.3017586,341.0695227,358.3779868,354.2016291,437.0675731,376.4432328,375.2094711,368.984907,402.577038,438.948882,414.6979101,375.2314228,333.329913,385.6821309,403.8047447,392.2616694,416.3917395,419.8207134,264.6926988,275.476271,311.6396199,375.9648672,426.2635109,501.8642947,929.9463807,1099.086258,1234.43853,1096.503696,1326.066112,1594.030809
GRC,597.287321,630.6139413,701.6204178,784.9543484,888.9219979,981.6523945,1052.120993,1134.356151,1284.212316,1424.994497,1575.599134,1811.461991,2386.593704,2697.392675,3006.811652,3233.102088,3705.906585,4476.633663,5440.98786,5619.983709,5130.429582,5320.157409,4786.775555,4627.231996,4590.18168,5393.839882,6260.037538,7245.206036,7482.30983,9190.34371,9775.540848,10687.47313,9914.110548,10536.04777,12273.60892,12888.81943,12495.06451,12485.06168,12238.59337,11396.23262,11857.73582,13292.349,17494.44136,20607.17607,21620.71749,23475.28114,27288.3265,30398.78242,28451.91733,25850.50196,25630.79451
GTM,253.1447136,261.7440955,281.3581927,281.770219,281.1256123,285.8878531,290.9211647,313.8418113,325.4256459,351.5758872,356.651209,367.4041328,437.1768654,523.8131451,588.5973067,687.2243969,841.8900094,910.2748461,1010.30669,1125.351574,1199.400194,1184.740359,1199.733379,1224.905303,1227.500878,891.8547108,853.6377957,923.4547926,968.0584801,860.4997156,1033.794652,1121.114312,1195.896462,1330.74062,1468.061094,1544.998768,1702.323143,1814.003272,1674.029895,1721.72898,1629.30942,1765.859563,1816.951165,1937.715706,2146.179053,2326.299385,2561.4419,2867.482868,2697.392484,2882.400219,3242.690796
GIN,,,,,,,,,,,,,,,,,,,,,,,,,,368.8963851,380.6660062,430.6956432,422.898307,442.9511833,474.6543586,487.7498131,459.5029109,450.2522038,471.3119615,477.9680401,456.0716669,424.2972939,402.4320435,342.4785195,318.5306699,326.0799482,374.4268445,390.8845623,306.7011791,287.9229857,418.965449,366.2993585,393.1421384,435.448888,456.5525088
GNB,,,,,,,,,,115.2817839,112.4197002,122.0065984,120.6080525,129.6922501,140.0672311,142.3602184,144.3044885,152.9463449,146.6217559,135.2273436,185.944353,194.8946529,188.2564314,155.6656249,158.025446,139.8822115,182.6365226,169.0187511,214.2537087,239.7931904,247.0898164,212.5626053,217.4744789,211.4608089,222.8430935,232.0273706,225.3564831,169.4586332,180.2017231,169.2096028,152.8979158,152.9957396,349.284153,375.7946289,402.9880469,398.2471791,465.3402625,555.6594653,536.8028066,526.5210239,595.8292485
HTI,,,,,,,,,,,,,,,,,,,,,,,,,,,,,,,479.1628059,285.3304326,239.4022394,276.2882902,343.8908972,371.9692027,398.5397092,453.4927545,484.8261311,427.186277,402.2801127,362.8402839,314.185096,400.9321739,448.5848301,519.7491433,627.6501835,664.8202693,662.5860588,670.4032924,732.2093375
HND,172.1533915,181.2586789,185.5148285,200.1959029,216.2041998,227.2301009,240.5594139,253.428421,254.9604819,268.6425082,264.2380383,282.2236582,311.6258359,343.0486798,361.6781997,420.608552,504.8405021,565.26851,639.0353895,705.7473666,751.6962822,750.5854054,771.4865315,807.2628851,858.8753926,872.2102685,923.1975178,857.2432479,747.5304119,621.7549833,608.6067721,660.0176686,654.5291037,628.9605471,699.4096284,704.8028644,796.7568435,869.9136171,879.6798555,1139.519156,1188.759454,1197.148441,1242.265575,1311.823811,1408.130152,1550.951426,1721.552287,1896.175126,1952.345228,2077.786934,2277.016088
HKG,,,,,,,,,,,,,,,,,,,,,,,,,,,,,,,,,,,,,,,,,,,,,,,,,,,
HUN,,,,,,,,456.7815179,505.4834072,536.1302881,581.8204696,680.3794827,839.8473343,916.4445443,1038.780803,1197.285776,1331.125139,1551.142774,1787.754588,2069.195536,2121.764593,2162.04499,1965.164213,1909.100659,1936.696041,2234.695007,2460.129576,2696.235085,2782.711651,3186.444287,3287.888748,3665.570243,3801.869597,4095.681357,4411.033751,4454.430379,4521.963999,4670.654839,4713.540459,4542.72072,5175.025628,6535.293936,8246.995826,10084.52184,10936.94861,11173.56951,13534.7055,15364.67955,12634.55114,12795.65154,13909.0161
IND,,,,,,,,,,114.404194,120.6968307,125.201015,146.442233,166.5642458,161.0323114,164.1086371,189.6167729,209.3518951,227.9164288,271.2495839,275.3210064,279.2208778,296.9175881,282.2862435,302.645585,317.1100126,347.809584,361.9319056,353.8203909,375.890793,310.0837677,324.4951264,308.5347869,354.8548761,383.5509262,410.8183568,427.2361968,425.4452943,453.0124208,455.4437732,464.7269155,485.5537094,564.6188086,649.7103643,740.1159323,830.1632213,1068.678519,1042.083832,1147.239088,1419.112674,1533.665574
IDN,,,,,,,56.63365367,68.90979235,79.13590479,84.65857417,84.18336907,96.72963819,139.600737,215.954891,248.8037197,297.0771012,356.9004018,391.0344043,387.7612411,536.1936827,621.1620283,621.9773388,548.2990562,550.6831332,537.6060648,482.9562316,449.1837977,515.4126965,578.2220606,640.5666643,705.0475168,752.3179827,840.3757932,925.7216696,1041.31354,1153.587564,1078.472261,470.1961402,679.7936722,789.8058801,756.931013,909.8873302,1076.219005,1160.614924,1273.465176,1601.031191,1871.288406,2178.265663,2272.040995,2946.968514,3472.017123
IRN,,,,,245.9576002,260.9718319,281.3298836,311.5795383,340.4678385,370.1264155,449.3730214,541.5624484,831.249137,1388.887219,1488.609336,1876.818792,2138.086276,2019.064672,2299.920541,2315.308305,2400.732472,2886.592203,3357.209121,3351.433497,3590.716481,4020.485685,2488.460812,2184.129268,2075.112621,2058.750602,,,1018.749304,1125.121024,1502.099729,1799.671921,1683.633829,1611.307719,1613.599302,1536.715193,1726.63011,1718.965293,1975.538621,2353.930989,2737.112118,3140.19809,3983.582294,4899.31216,4931.282897,5674.923927,6815.570191
IRQ,245.0024199,254.6707674,250.7568718,288.1287271,305.517034,320.425203,312.4143158,342.6679942,344.7259127,362.1130932,404.1140055,505.2982002,591.9461172,1148.85288,1377.417094,1606.114177,1871.908024,2154.158842,2984.115746,3483.549332,2319.601295,2547.573356,2529.590291,2797.545786,2837.911402,2508.693053,2680.811503,2603.674044,2836.116336,,,,,,,,466.2142179,467.6216797,777.0146617,1086.380289,772.3708815,751.6201969,,956.3548273,1342.13317,2321.152171,3091.015329,4472.055182,3701.861626,4375.906225,5686.608364
IRL,739.2764064,797.0062884,852.1353017,965.1354227,1023.773726,1074.506506,1152.004952,1124.516636,1291.34992,1460.131436,1673.690149,2043.540674,2381.242447,2472.256356,2920.627345,2867.765667,3366.24868,4321.894609,5333.589633,6259.338217,5879.91016,6051.297818,5810.256561,5591.003856,5905.03762,7968.194289,9411.850796,10525.68238,10977.46523,13782.27124,13837.18415,15435.48157,14396.92404,15620.68028,18818.42717,20401.53045,22146.05817,23767.46607,25731.11715,25610.4411,27228.81144,31324.70988,39771.45461,45818.24567,48739.52718,52333.43296,59286.55715,59206.75411,50245.55207,46018.57887,48248.94138
ISR,1595.860165,1132.382866,1257.743162,1375.942829,1429.319391,1513.888674,1428.446411,1412.470279,1587.769579,1806.422695,1815.93627,2278.840038,2819.451184,3721.524668,3570.763172,3531.261737,3812.971925,3690.743636,4625.286651,5616.54684,5863.582711,6095.93452,6683.435283,6261.785796,5698.715086,6908.919348,8120.01471,9881.242706,9871.574325,11264.01838,11956.0089,12838.41816,12530.99838,13830.28675,17310.09121,18464.52987,18586.73744,18392.14176,18088.97745,19859.30215,19093.10966,17195.49106,17739.70184,18588.80505,19330.02435,20624.57995,23274.30029,27591.62242,26032.16351,30389.12219,33250.0909
ITA,887.3367446,990.2601522,1126.019337,1222.54454,1304.453817,1402.442354,1533.692877,1651.939377,1813.388126,2029.933298,2221.422056,2573.60261,3088.214537,3488.922244,3957.029862,3885.833578,4435.502486,5405.634713,6735.040422,8148.120532,7344.49093,7280.602289,7546.574406,7457.105018,7698.91226,10901.85534,13714.95754,15169.75603,15788.31477,20065.34534,21154.80251,22394.75541,18054.53111,18631.53091,19910.00067,22271.33092,21069.54779,21519.06412,21227.31087,19388.27875,19721.9652,21435.1393,26291.33804,29832.6129,30478.84559,31776.97775,35826.02346,38563.05309,35073.15802,33760.58975,36103.89064
JAM,452.8340281,463.3558863,484.298401,517.6204692,552.3633927,615.07726,636.4099654,594.3059535,645.6806933,751.5893307,812.3226664,974.0199876,974.3268746,1196.02158,1420.984985,1455.572374,1578.000739,1271.219982,1152.520007,1256.155368,1377.712603,1496.97573,1615.165248,1041.082723,908.7616401,1179.274629,1398.369451,1624.657452,1854.788845,1921.42603,1706.622733,1459.095649,2003.755845,2007.369266,2344.141928,2600.598346,2948.82784,3419.20432,3430.425939,3479.056754,3495.299336,3713.087774,3591.513145,3856.273424,4178.908271,4469.610846,4791.111079,5091.211141,4477.167171,4887.776198,5330.100776
JPN,563.5867598,633.6403152,717.8669152,835.6572525,919.7766882,1058.503561,1228.90921,1450.619652,1669.0982,2003.647047,2234.261666,2917.658976,3931.301627,4281.359928,4581.574389,5111.295149,6230.335688,8675.013997,8953.59152,9307.839295,10212.37814,9428.87465,10213.95828,10786.78618,11465.72578,16882.27395,20355.60522,24592.77201,24505.7673,25123.63179,28540.77148,31013.64715,35451.29751,38814.89438,42522.06659,37421.67386,34294.89898,30967.28809,34998.80997,37291.70616,32716.41867,31235.58818,33690.93773,36441.50449,35781.23498,34102.20617,34094.88711,37972.23721,39473.36291,43117.76827,46134.56824
JOR,,,,,531.701915,548.2008149,494.1112653,412.9164603,486.5099527,424.084711,430.8932109,482.6761532,558.4736542,685.1729833,753.0792805,878.8055278,1055.290165,1261.613857,1555.926096,1816.476541,1961.229171,2045.095664,2050.838031,2020.010764,1936.191553,2253.030194,2292.852436,2052.178448,1350.927872,1268.223289,1182.887485,1422.671618,1435.170333,1535.894408,1603.683983,1601.9632,1625.487357,1721.583267,1741.410187,1764.413781,1826.406329,1902.388281,1974.778497,2157.162674,2326.495189,2719.822469,3022.541954,3797.413629,4027.052081,4370.721033,4665.94354
KAZ,,,,,,,,,,,,,,,,,,,,,,,,,,,,,,1647.463231,1512.485066,1515.104043,1433.461534,1320.321628,1288.239021,1350.333844,1445.56941,1468.701786,1130.113603,1229.000958,1490.926751,1658.031146,2068.123518,2874.288483,3771.278957,5291.574022,6771.416639,8513.567547,7164.931391,9070.009729,11258.63606
KEN,94.83525295,100.6042551,104.0127021,108.5589324,104.9921733,118.556282,121.3807515,128.8576693,134.193724,142.4974185,152.5537034,174.3980326,199.6953219,228.7611814,241.6792741,248.2525997,309.3759198,351.6674494,398.0716366,446.6042115,405.5632048,366.2663152,327.7813434,326.8548944,312.0563948,354.9929364,377.0782599,381.5784287,365.4306688,365.6145465,336.3233918,327.880338,222.5998385,268.3777016,329.9399953,427.3671233,453.1483,474.5095318,423.1169342,406.1157055,404.2162063,398.4099451,439.5959057,462.0497683,523.6137892,612.2325312,721.4590107,785.7342003,768.370747,787.8574283,816.8367094
PRK,,,,,,,,,,,,,,,,,,,,,,,,,,,,,,,,,,,,,,,,,,,,,,,,,,,
KOR,91.62360601,103.8672749,142.3626527,120.63605,105.7698691,130.2648401,157.2902539,194.7795608,239.231464,278.7873797,302.2277793,322.7225528,403.4641509,555.6677296,608.2277798,824.423333,1041.586281,1382.921004,1746.730347,1674.387559,1845.65362,1938.112133,2117.529507,2306.860313,2367.782505,2702.641221,3367.542808,4465.670323,5438.252668,6153.093997,7122.701332,7555.272527,8219.896199,9525.43563,11467.81385,12249.17315,11234.777,7462.838645,9554.439443,11346.66499,10654.93555,12093.7573,13451.22942,15028.94015,17550.85389,19676.12418,21590.10558,19028.01293,16958.65239,20540.17693,22388.39597
KWT,,5454.2226,4980.429721,4802.342166,4348.806887,4480.980272,4166.778601,4164.996411,3989.803288,3829.358671,4800.819939,5131.332239,5832.205097,13160.55885,11450.42755,11808.44317,12034.77552,12519.49801,18982.32802,20881.51264,17406.71023,14317.39131,13240.83724,13148.47366,12393.35562,9828.932289,11650.48766,10306.94758,11807.30243,8946.505088,5505.938558,,,,17143.49245,19866.30273,18551.62079,15065.65176,16564.45564,19786.69504,17616.22906,18620.35233,22621.85829,27061.88577,35185.93067,42011.77433,44902.31827,54548.61531,37160.54324,40090.74627,51496.92715
KGZ,,,,,,,,,,,,,,,,,,,,,,,,,,,,,,608.9451631,575.9551334,513.0359215,449.0657902,372.30781,364.2264974,394.8601215,376.4296133,345.1381316,258.04934,279.620275,308.4090314,321.726538,380.5073624,433.2351189,476.4800976,543.1107024,721.7686908,966.3936272,871.2182975,880.0385141,1123.883136
LAO,,,,,,,,,,,,,,,,,,,,,,,,491.1950741,643.5195268,469.7912299,279.4083982,149.5578219,173.1972724,203.9240847,235.26363,250.7448414,287.0273566,324.8916538,362.0130218,375.7418916,342.7715302,246.1455401,274.516905,321.2894841,323.3207344,317.0602296,360.0817871,415.2222521,472.4084631,585.6405752,702.2701311,886.7596524,930.5859445,1122.852316,1261.543593
LVA,,,,,,,,,,,,,,,,,,,,,,,,,,,2176.155733,2572.896503,2883.556561,2796.31266,2549.032934,1854.410857,1743.067414,2007.684535,2106.882009,2273.01106,2521.006909,2745.603948,3048.976931,3300.934656,3529.940091,3983.019109,4810.669829,5950.128196,6973.160943,8713.067953,12638.14729,14857.88662,11475.69233,10743.28163,13806.97423
LBN,,,,,,,,,,,,,,,,,,,,,,,,,,,,1241.680533,1015.461212,1050.116702,1617.271936,1965.337082,2597.593375,3226.980273,3863.246579,4457.925252,5093.211696,5538.568383,5509.241734,5334.880244,5256.656911,5447.780468,5442.363165,5654.234093,5483.17952,5499.86465,6052.620352,7185.61148,8159.021981,8551.852416,9148.129013
LSO,41.21196202,47.46514188,52.36311027,56.73567571,58.80516396,59.57532062,61.03366144,62.01220893,65.23034885,66.59301377,72.59472505,75.25042926,110.3689039,134.3906156,130.1542485,125.3507077,159.9183014,214.7750609,227.6966619,330.0762521,323.8427377,237.9422384,252.6580241,210.668705,168.7364407,194.3592992,242.9515413,278.224523,287.5576088,340.8871243,373.9590417,433.9681789,426.1096891,437.6752616,489.8393914,458.5987111,477.2305058,449.8344166,435.7120417,415.4672157,377.4677708,348.346432,510.4294815,645.4934642,710.5483628,736.3828846,816.7826171,826.8081309,862.7921265,1097.040188,1243.911085
LBR,160.6442367,163.9470377,167.3337991,178.8499053,182.9741669,190.4922388,198.4795931,205.2883404,221.9046588,227.5786122,234.3004567,245.8320079,251.460663,307.6961627,354.6171273,356.0083722,390.3065209,404.0336007,444.6118638,451.6239931,431.4999763,424.2609367,390.6837287,392.1178537,387.4032079,381.0671037,442.9461015,478.3853492,367.9426191,182.7971869,168.436541,110.1705944,79.94621075,65.47315997,64.81015385,72.52703953,125.100939,140.5739055,161.1376725,182.9427735,171.7370789,174.5545683,130.912592,146.6412405,165.7600834,178.4537308,209.8140849,231.447496,302.2803524,326.6042804,378.8057084
LBY,,,,,,,,,,,,,,,,,,,,,,,,,,,,,,6785.488398,7338.599127,7599.332059,6726.614886,6146.880279,5379.829171,5764.435554,6234.511474,5440.253318,5985.620463,6548.568274,5404.462368,3715.556991,4437.437161,6062.214524,7864.937572,9933.108824,12418.18359,15853.46151,10455.57487,,
LTU,,,,,,,,,,,,,,,,,,,,,,,,,,,,,,2841.307562,2777.173624,2314.066817,2016.122217,1902.751696,2178.196091,2339.673918,2833.094228,3170.75246,3113.119772,3267.347443,3492.733445,4082.923995,5387.26273,6564.094228,7603.966776,8864.992301,11584.24118,14071.26511,11033.58846,11148.94128,14154.60903
MKD,,,,,,,,,,,,,,,,,,,,,,,,,,,,,,2225.111395,2341.737013,1162.330922,1288.628726,1717.382507,2261.995994,2238.833626,1875.451414,1773.887559,1805.510758,1747.884265,1664.309096,1827.628145,2285.693374,2643.802568,2863.96318,3133.319212,3891.895346,4685.62208,4433.857082,4442.300769,4940.939807
MDG,133.8462234,138.1154367,138.4002537,142.6533297,144.4846301,152.1215707,157.5089598,165.5252097,165.0493941,169.070663,177.432718,192.9684658,231.1202433,260.5214115,301.3625218,279.7364538,293.7065638,322.8669435,407.0972003,462.142858,400.1637012,382.4222398,371.1104102,302.5923394,286.3297623,317.4368739,242.8775092,224.5414738,222.9305532,266.8922556,222.9855792,246.614824,266.5990563,228.3049883,234.892771,287.7713967,247.4504622,252.7817884,243.566786,246.282641,278.9874499,262.7418198,317.4220317,245.6704529,275.4767076,292.956519,379.0664996,471.442351,419.0909429,419.2238133,457.207965
MWI,48.39523271,49.57661373,50.4312774,50.22663245,57.74093944,63.92107582,64.58950664,57.19447142,60.36323902,64.13602967,78.30569565,84.3861118,89.44795632,106.9450059,115.7077403,122.3464221,142.2442562,161.8841232,174.8402656,198.4442893,193.2697815,179.9121064,181.7254457,173.6099226,155.7363913,154.3685061,145.1614198,159.4331962,174.6432452,199.0853928,228.1679455,184.3887021,211.2768336,119.9587357,140.2493985,224.6595421,255.9758442,163.6033417,161.2609905,153.9996381,147.6793904,223.4600948,198.1132751,208.8557635,213.1566745,234.2123961,265.9969075,302.497319,345.1947614,359.5795268,363.6415594
MYS,287.4146979,292.0336202,300.9668386,312.222826,333.1163247,344.6492999,347.6937057,353.4361232,380.6983942,392.0440713,403.7116102,468.0907948,694.1571775,839.9236991,803.3247523,932.8489447,1084.051165,1262.788247,1599.670649,1802.625098,1795.689099,1876.233647,2055.511,2254.289267,2015.450329,1741.062057,1926.643857,2050.448575,2193.958633,2417.436922,2626.079592,3079.976253,3395.414351,3685.974639,4286.168853,4743.77171,4593.671731,3228.589858,3456.859594,4004.557191,3877.996652,4130.678017,4427.459737,4918.156356,5553.943582,6179.658221,7218.397454,8460.368277,7277.762756,8729.09979,10011.98504
MLI,,,,,,,50.10304117,61.76650308,60.29057609,62.93803555,74.13579553,82.5738925,94.10663774,88.46943115,134.1774567,149.2444749,164.1298273,188.0301856,241.1804936,265.3708328,217.5584626,189.5049237,181.1474935,180.0986852,177.4003174,223.3372796,253.6837243,252.5307153,256.541051,304.0121085,297.994996,342.7453852,313.7505398,201.2346288,274.3576088,283.999332,261.5851399,267.3734292,257.627574,236.0961101,248.9630623,307.1697219,388.8183731,421.1704288,444.2846436,496.7442831,561.4963327,665.0546888,661.1317114,673.6946614,739.1683384
MRT,121.9496576,122.2339867,121.5596713,157.5917458,174.0773185,176.4634,181.7075695,194.4317465,178.9185881,182.2105436,191.9350101,217.5928643,266.1697431,321.3443681,358.1896165,383.4431211,384.0779289,375.8081374,432.017856,462.1748925,473.8131978,461.8332556,471.7306655,422.9239424,386.6189076,442.1245941,487.6600634,499.5158159,498.4166418,503.7147554,693.62099,683.9896408,567.3918717,580.3623206,606.2816658,600.1312209,566.2770768,539.1955118,534.9323422,477.6987045,464.1167288,460.2801817,527.0560226,600.0622771,694.3200828,939.1562935,1008.024395,1107.318275,860.9083679,1017.166278,1154.065936
MUS,,,,,,,,,,,,,,,,779.9040401,897.6690925,1088.847342,1278.330105,1176.546823,1171.636043,1093.041101,1093.977949,1035.366046,1063.625199,1433.667738,1828.839427,2059.374305,2088.910118,2506.184933,2669.326282,2973.205388,2973.793609,3197.336956,3599.551751,3899.442433,3646.637842,3593.241569,3651.231078,3861.038542,3780.828848,3939.281863,4587.656108,5177.366465,5054.318112,5194.467141,6182.197329,7599.976243,6928.961583,7586.969533,8741.399364
MEX,354.3868978,369.1352771,397.9025126,456.8517201,481.4794909,520.209296,550.225824,589.7779271,633.0844767,670.7484507,717.0582055,801.0900976,950.4039625,1200.983354,1426.127187,1402.256265,1253.817911,1529.817355,1957.934293,2762.594201,3477.418796,2366.261779,1988.064421,2300.32245,2369.312247,1630.019343,1731.667933,2216.295038,2644.197603,3052.032173,3577.808161,4050.999455,4399.112687,4508.423554,3005.454411,3424.935504,4056.643216,4183.745962,4703.064636,5597.44134,5905.575883,6081.833862,6481.10834,6946.120915,7666.697961,8492.469247,9124.268915,9500.822732,7590.793135,8779.137192,9698.678739
MDA,,,,,,,,,,,,,,,,,,,,,,,,,,,,,,972.0930952,835.0154102,625.3015386,640.1654315,460.8322558,476.992678,462.172015,527.3916381,448.83657,321.0269725,354.001668,407.7304677,458.6781966,548.2904455,720.9431325,831.1602652,950.6164233,1230.811876,1695.973286,1525.526547,1631.533195,1970.118927
MNG,,,,,,,,,,,,,,,,,,,,,1332.639034,1435.769512,1495.019841,1121.668356,1137.690352,1465.448398,1485.536696,1533.439903,1670.686625,1172.435552,1072.626645,587.2953779,339.5164004,405.9677159,631.9082865,580.9033053,505.5968612,477.3440507,445.000397,474.2060337,524.0377601,571.6020188,646.2369491,798.0243785,998.7563599,1333.877158,1631.90104,2135.811338,1715.363735,2285.645378,3181.104401
MAR,159.660985,182.4950561,198.4886938,203.706241,209.2157951,198.9956401,205.5232017,215.3398216,234.7148938,248.5695043,267.8235294,305.4494768,368.0943685,443.3133472,508.0383694,530.2799799,597.9734378,700.3267084,822.7165461,950.6082209,753.6583069,742.6901248,655.4374093,585.5616481,577.6944344,746.2826667,805.9289647,935.0634829,943.6421622,1046.433754,1107.787684,1112.671433,1030.7965,1148.741945,1229.309743,1345.176116,1209.263151,1428.653085,1400.357351,1289.461903,1299.902556,1378.851075,1683.940845,1907.434307,1975.86651,2159.463672,2452.998578,2871.346605,2906.598136,2868.644167,3094.607658
MOZ,,,,,,,,,,,,,,,,,,,,290.4181017,283.9659238,283.9965878,249.202079,255.4969229,334.2293649,391.5677834,175.9948663,156.820661,172.7632013,185.1501398,197.8584354,137.2012874,136.1458966,139.953828,140.586391,196.9043016,225.2503259,249.2386069,254.8743104,235.8383061,216.9227356,217.4614874,234.7954103,278.7826934,313.1079297,328.7073992,362.4324248,434.5301501,414.1100448,386.9631655,511.2994942
MMR,,,,,,,,,,,,,,,,,,,,,,,,,,,,,,,,,,,,,,,,,,,,,,,,,,,
NAM,,,,,,,,,,,,,,,,,,,,2141.30201,1885.861271,1706.400513,1783.156053,1461.683985,1178.943969,1278.348477,1551.207407,1632.411258,1594.16937,1660.470276,1699.885694,1874.654363,1825.361226,2025.089082,2117.675566,2047.405302,2067.857791,1878.028427,1822.985594,2059.375613,1836.497753,1716.40546,2488.997385,3298.010724,3582.24386,3886.480583,4234.925154,4183.231369,4133.058699,5078.51302,5692.188831
NPL,54.78386732,58.09590314,49.3951377,48.41011005,70.40136633,85.15092331,77.49846613,69.6442393,69.66740303,74.91489077,74.77073843,84.91070931,78.88400478,96.71500058,122.429285,110.4241921,102.7831145,116.6534516,131.6396707,135.2752857,154.60987,159.0271214,158.7301019,163.5953534,162.2843182,172.636033,175.1128205,201.8692391,199.3959596,200.2936996,211.1789601,178.5330525,187.2000443,202.6758936,213.7791254,214.137928,227.2195969,218.9925889,221.8425444,236.9828443,253.9433949,251.0438722,258.1178555,291.8690418,321.4550186,352.8009747,397.9040179,477.9321764,484.266814,594.3418756,698.8144626
NLD,1159.392357,1240.677894,1328.036649,1541.947365,1708.096356,1835.801424,1991.360686,2185.248659,2446.335454,2711.362014,3129.627423,3801.973092,4980.959758,5845.028883,6821.697656,7384.44502,8575.242684,10424.12375,11855.35325,12775.46956,10671.44728,10256.65777,9893.268892,9241.892364,9194.622816,12768.04787,15478.14696,16436.81853,16115.56699,19721.82824,20130.67182,22142.4269,21418.40235,22830.00164,27101.95313,26913.52152,24760.9017,25634.61786,26021.63765,24179.73141,24968.81742,27110.60685,33177.35726,37458.43287,39122.29108,41458.93271,47770.80121,52951.03359,48173.90657,46622.90252,50085.05989
NZL,2343.292213,2448.628633,2622.220271,2813.546976,2151.294927,2191.312542,2188.399139,1885.156152,2077.895543,,2747.752652,3262.831545,4277.383811,4557.129562,4118.78533,4320.078189,4881.311824,5851.294716,6565.335116,7346.554105,7673.08924,7501.834293,7445.585835,6581.661707,7447.935388,9231.949284,12061.80179,13466.83515,13033.69544,13366.78503,11967.01984,11538.17144,12830.8688,14992.2175,17097.71338,18457.6133,17172.24973,14471.40475,15047.99641,13379.44083,13628.60337,16582.95079,21541.29354,25012.35803,27357.86079,26127.65049,31895.72781,30452.80986,26989.63692,31999.54803,36080.30166
NIC,133.3899924,142.7422384,152.9758475,173.3654431,273.5378677,285.6090516,299.965587,306.8572244,322.2283434,324.4478065,334.8688256,344.3448447,415.38313,560.7221099,565.2511889,636.6450959,748.6436082,694.0068167,496.4011177,659.6892161,740.1446334,714.1366691,779.9293918,860.9616646,723.4261929,760.4370349,993.2621376,664.4297849,250.4435008,243.9601792,351.3688961,412.8669497,394.6759228,847.7241937,888.6162295,905.7570169,905.2834303,938.8225244,967.066615,1001.256442,1028.29254,995.3579835,1000.857419,1075.98338,1158.997008,1228.304847,1330.818111,1456.310349,1420.105166,1474.748819,1631.723928
NER,141.6572158,150.8131636,161.6819257,156.2547309,175.526079,177.9946583,164.0258072,153.6567499,145.8464571,147.2852795,152.8675218,159.2328444,197.3310482,208.0951822,206.8186107,204.1366276,240.7835169,321.6328163,371.7622761,429.9653898,361.8926528,327.1219374,284.3272824,224.0964867,214.8451209,276.1268455,314.8065689,312.368147,289.8498507,319.9255942,290.8507339,283.5450168,187.8425182,176.5984061,205.1693314,209.2477299,187.3777373,203.2866958,190.4628595,163.6401098,170.6961621,183.6698779,222.8992464,240.2174387,258.2817603,266.5794323,302.2664078,364.3778518,343.3588657,340.4237146,364.4118303
NGA,96.8115643,104.1940175,107.3292171,112.933727,116.9305279,124.0210775,99.16667363,96.95829142,120.931167,223.5068005,159.8115407,208.6445298,251.5179041,401.6785695,437.0120661,554.9527703,534.4482477,525.488235,659.8775099,871.1457819,791.2171275,640.210148,438.3639768,344.634282,338.5863962,234.6870293,265.1347198,251.7000828,255.8872087,297.7751533,278.4650898,325.1778507,207.0174157,223.7613599,259.2471375,317.5348876,317.8586942,275.0452749,290.2068955,374.2242385,380.9346487,457.4736505,510.4169412,645.9256501,804.152364,1014.745588,1127.27568,1369.741589,1084.99267,1431.601239,1485.970314
NOR,1560.324931,1667.24743,1775.582655,1937.884614,2164.468823,2317.194884,2514.043772,2662.117492,2875.235844,3284.438089,3708.969835,4378.263072,5641.025341,6743.810213,8126.631705,8836.163007,10157.73005,11337.52862,12903.01256,15594.7853,15334.60796,15031.3091,14722.29013,14757.75641,15474.28114,18525.63077,22080.22208,23769.41839,23840.28204,27731.80167,28077.17764,29931.6322,27404.58806,28713.47793,34162.32136,36554.67179,35917.68944,34105.91848,35645.08916,37472.67167,37867.14222,42291.82522,49263.51315,56627.65738,65767.01961,72959.76801,83556.2493,95189.86593,78457.42178,86155.52905,99143.16512
OMN,80.7840276,97.21971086,100.947524,101.615438,101.2468214,105.5443028,162.3224926,277.9308239,342.5001673,354.1062183,401.9046458,472.557281,598.6041823,1954.894616,2377.09125,2760.54452,2803.439994,2653.345883,3419.350309,5181.817077,5947.602336,5857.088876,5830.020479,6165.909338,6677.481732,4688.535362,4815.407495,4988.617923,5377.189092,6455.458948,6016.586706,6335.146765,6112.351237,6124.869158,6406.108282,7021.037459,7272.482029,6487.562147,7232.077686,9061.60246,8909.808946,8685.382437,9016.815328,10013.63322,12252.61288,14405.09193,16305.61341,23353.16501,17597.49093,20983.90034,23132.9389
PAK,86.87130969,88.43943612,92.45750767,101.7849143,113.7215593,121.6939232,135.6467023,144.273054,149.8369615,169.3644479,174.259839,148.8688548,98.36638912,132.5890734,166.3848398,189.8215398,208.6205634,238.0174403,254.7496261,296.1793573,339.6538193,358.9417532,323.9200461,339.9252606,328.5902401,325.5058504,329.306304,367.8663662,372.4180321,360.1594114,397.9015206,414.6532951,427.7859136,420.3677882,478.6192607,486.7648298,467.3241955,453.4948067,447.9561633,514.1579605,492.3816981,483.0318719,546.1541484,631.4978143,693.7964061,792.3891168,873.3766977,981.3398794,951.3506196,1019.221691,1196.261751
PSE,,,,,,,,,,,,,,,,,,,,,,,,,,,,,,,,,,,,,,,,,,,,,,,,,,,
PAN,396.1558549,418.5332202,450.1728535,469.1547172,500.2043053,529.1577707,572.2977263,598.0648637,637.7087275,666.1279125,730.4384809,780.1930049,867.768819,964.8447801,1051.943712,1088.188035,1124.406817,1299.868569,1451.420531,1914.663965,2116.067481,2283.769929,2291.416848,2338.292487,2419.097706,2459.131294,2416.75125,2044.911277,2007.216534,2136.581662,2300.897154,2562.152866,2741.086094,2863.53456,2867.641831,3312.139704,3509.568132,3727.285125,3826.822127,3803.998413,3788.81591,3861.127279,3990.736869,4292.41963,4594.481939,4998.382679,5669.867438,6472.978601,6682.502518,7229.112201,8372.577255
PNG,122.3519051,128.2096274,132.9563421,144.2307126,159.2518448,177.0374549,195.5427857,209.7524703,232.4411012,265.1344479,286.7340024,333.3738535,489.750672,537.3203472,482.8255975,523.4036336,552.8885653,639.138819,732.7572841,791.7886551,756.0309373,697.5046718,734.3643657,712.2586357,658.9095391,702.0997496,813.320561,923.1539887,874.0576761,774.3639919,888.6749619,1002.036375,1110.355601,1197.331302,983.0753347,1064.958505,993.1162465,742.36777,663.4419541,654.619857,558.2616154,529.9294838,609.3874005,660.1899982,804.0711094,896.3948787,989.3194596,1222.793585,1180.431925,1382.143749,1767.238662
PRY,,,,,183.714022,188.4955868,196.4785974,202.1146967,211.6541263,220.8516713,239.1488397,267.2755576,332.8435847,438.2726937,481.9171473,535.6855648,648.1340915,776.059621,1007.709033,1280.08911,1585.537108,1494.778475,1499.710804,1130.683841,800.9246424,902.5658598,963.9280223,1013.258938,1111.295672,1340.127204,1601.787689,1600.878928,1582.387358,1677.64145,1887.222981,1992.872078,1984.602241,1758.927007,1601.533558,1531.888902,1403.246051,1135.295391,1159.397777,1386.746044,1479.403769,1772.635329,2259.082735,2967.406362,2513.62828,3100.50164,3956.729482
PER,276.2493947,304.2315463,323.7873794,380.5971166,438.2700655,504.081509,496.9345702,447.5217334,487.1641307,548.3432894,594.7165702,641.1059353,745.9528204,914.5406927,1082.373192,995.7266017,888.5634163,739.2762051,920.2432005,1192.323052,1405.283261,1363.333203,1026.222364,1040.056832,964.8249685,900.0785177,1170.446675,592.8233465,964.8760314,1207.713079,1555.121966,1593.140233,1509.187585,1910.140564,2242.094526,2293.201001,2388.996599,2251.441727,2011.188388,2049.62409,2045.162628,2123.92563,2265.946454,2544.351348,2863.48046,3292.955558,3785.351761,4430.391522,4386.592397,5247.095935,5970.363364
PHL,267.1635299,156.6886211,168.0213734,175.9354477,187.1178275,199.9401353,207.4270046,224.624172,241.7023028,186.767559,201.0305643,211.3956642,258.3574707,343.2340593,360.6611506,402.6535021,450.1095144,506.0719891,596.3805543,684.630216,731.7171638,741.7958342,645.4816786,594.04062,565.748617,535.1639326,579.0391262,643.575141,704.7659117,715.2951364,715.5016706,815.0647718,817.3566817,941.7161386,1064.840592,1163.848038,1131.400446,970.613899,1091.782723,1043.456103,961.7169825,1004.990581,1015.780277,1084.765467,1200.938178,1398.826978,1680.551326,1920.992155,1831.974486,2135.918414,2357.570972
POL,,,,,,,,,,,,,,,,,,,,,,,,,1908.633357,1972.721025,1695.798249,1819.560056,2165.65136,1693.73581,2187.150581,2405.792691,2443.07773,2812.603098,3603.103321,4056.612425,4066.11171,4471.959897,4340.418356,4454.08022,4978.573826,5183.822606,5674.737044,6620.070424,7963.021208,8958.012422,11157.27319,13886.47243,11294.86775,12302.02992,13382.07215
PRT,382.729947,407.8528436,432.5117296,468.7810816,520.9106594,575.0076807,646.8227201,719.0804919,795.7593714,921.6212529,1050.336887,1284.893714,1724.670876,1973.731953,2099.254553,2144.292184,2237.124067,2424.532099,2718.864025,3323.432209,3202.673216,3038.862465,2698.999123,2489.093619,2669.105187,3810.429405,4739.78159,5548.675911,5975.587841,7779.435721,8832.69313,10647.67315,9390.578528,9831.865267,11619.32898,12045.7815,11461.70163,12129.08027,12428.67249,11470.89792,11690.67252,12758.54288,15509.12538,17653.57398,18185.62402,19064.98867,21845.23526,23716.39042,22019.25988,21381.90396,22503.90949
PRI,777.215117,852.5002236,929.1165127,1006.39535,1111.025394,1207.545041,1341.813339,1497.672471,1661.866697,1852.317857,2044.392016,2246.512209,2432.27561,2614.568806,2738.142953,2946.592978,3208.804148,3567.752857,4024.50942,4502.807236,4920.815456,5114.947803,5217.844163,5730.235934,6007.995262,6443.365489,6937.548927,7535.627993,8063.270214,8652.530393,9064.009814,9659.218962,10212.42723,10876.52022,11579.09513,12173.20799,12817.63459,14304.2992,15220.99134,16192.17946,18123.09396,18731.59015,19557.0157,20698.07295,21670.02236,22641.82777,23369.05018,24623.50427,25497.15138,26106.38803,26733.76117
QAT,,,,,,,,,,2760.067603,3250.881036,3913.336367,5585.778553,15633.1174,15288.85205,18898.53863,19832.7891,21097.68588,27439.76895,34990.05365,34913.6095,27400.68534,20913.36021,19646.63815,16584.542,12686.98169,12866.59234,13562.95498,14010.37814,15446.33079,14189.04309,15616.95275,14546.0399,14894.69036,16238.34539,17677.58903,21337.09884,18633.92016,21660.4443,29914.26478,28666.60951,30748.53426,35644.40479,43970.04623,52413.85487,62522.299,69023.69258,84628.49835,62390.27984,71510.15575,89735.68187
ROU,,,,,,,,,,,,,,,,,,,,,,,,,,,1658.758634,1753.192792,1789.644638,1650.692978,1254.148271,1100.727876,1158.056394,1323.024403,1563.949628,1562.1235,1564.50842,1871.18898,1583.849846,1650.968421,1815.506984,2101.740987,2736.974983,3481.20006,4572.048453,5681.091637,7856.47606,9497.946264,7650.96139,7686.922523,8539.261221
RUS,,,,,,,,,,,,,,,,,,,,,,,,,,,,,3428.761966,3485.112202,3427.317519,3095.08716,2929.303282,2663.456988,2669.946123,2651.442018,2748.917437,1844.485782,1338.986444,1775.141291,2100.743786,2375.162934,2976.137049,4108.574488,5337.065324,6946.880998,9146.41636,11700.22112,8615.658757,10709.50243,13284.03913
RWA,40.71972964,40.97560208,41.25082828,41.11687187,46.02625404,37.51817228,46.67800113,48.81976891,51.83225397,58.56900052,57.63533722,61.86720273,70.87459485,72.97728172,131.1864478,141.7304176,160.6357983,188.51839,223.2713715,244.0805051,264.8023539,256.5467613,261.110264,270.2534497,280.6725858,303.5766791,320.0522704,339.9894682,332.9304873,353.4709837,274.1170542,310.0070215,324.9981237,131.5599383,228.3849206,233.1254566,286.148145,277.4670073,231.4595339,206.6490713,191.1740356,186.641748,202.2732382,225.7513898,273.7470892,322.0379666,376.5202283,460.8973249,498.8454588,519.0223545,570.1668828
SAU,,,,,,,,780.9959694,805.1775222,864.1173144,1121.713306,1455.435226,2170.391876,6428.790824,6306.537396,8194.277783,8987.807256,9181.753057,12069.01343,16692.44625,17543.52427,13685.88505,10842.12828,9473.100428,7827.29565,6248.017488,5898.507526,5841.761312,6086.430799,7205.821913,7845.683349,7895.458466,7441.755331,7381.822465,7672.486109,8369.068214,8656.16479,7559.667281,8203.434549,9354.467924,8760.091185,8639.144179,9389.535852,10853.62751,13303.30974,14855.00096,16048.58205,19714.39514,16013.2804,19326.58255,24116.17413
SEN,256.1427625,255.4462678,256.8816471,264.6910774,261.9115725,262.3415815,254.8833534,260.1456078,240.2582503,242.9632934,243.3097655,285.4195999,318.1913189,347.9989785,456.1767933,450.4537423,449.6942569,489.8378098,594.8185994,629.0789581,555.019577,528.1074664,457.5861621,433.1584714,460.1196388,631.1923309,736.2623123,705.8794468,674.3895049,760.7879742,724.8414768,751.4590603,689.6313197,457.4450198,560.0302128,566.6287762,509.8732702,535.8394299,534.8038536,474.5241578,482.0184934,513.3625289,642.5187423,732.156667,771.817076,808.9125534,950.8419204,1093.763799,1014.476555,992.6438349,1083.840345
SLE,149.761883,154.4140277,154.802209,162.7121221,154.8478434,159.2213846,145.4785521,135.2268203,164.5322306,171.5766134,162.414597,176.4236643,213.3814324,235.2685263,240.8324771,206.0077013,233.8984288,317.0757191,357.3665316,346.1018394,342.4049634,388.8869777,291.9615673,311.4025387,239.0612695,132.8948136,184.507971,269.9475208,233.6515587,160.6966538,192.4332797,168.6615913,192.6155699,230.7745961,221.730445,240.2582419,216.4333732,169.711802,166.0821822,153.6017699,251.2947088,275.7603666,291.0060543,290.4135258,317.9465763,357.4061037,398.4377298,452.6968027,435.109412,447.7533238,501.0232247
SGP,437.9432212,429.5377447,472.1830318,464.3773054,516.2622068,566.6509646,625.5890679,708.2604982,812.0628834,925.0584058,1070.766384,1263.894236,1684.341085,2339.388979,2488.341467,2756.653032,2842.496845,3187.006707,3891.76798,4913.44895,5579.213998,6050.973367,6605.24698,7185.615707,6960.468229,6783.491092,7511.653718,8890.40744,10383.80179,11845.40927,13736.80025,15180.38486,18102.90556,20248.78139,22922.11446,25795.77361,27545.23511,24399.98259,21715.09875,23814.55661,22027.17077,21691.28789,22689.52818,26240.54621,28952.80891,31585.60379,36766.28089,36972.38603,38922.78207,42783.72245,47268.22895
SVK,,,,,,,,,,,,,,,,,,,,,,1207.9698,1204.041665,1121.58617,1128.880561,1516.05588,1815.133035,1918.611647,1851.722782,2210.998183,2473.777513,2690.164666,3031.877332,3685.75282,4709.735564,5077.72131,5022.770206,5431.44324,5550.004292,5330.401622,5636.63909,6439.476749,8520.588303,10417.81173,11384.52946,12798.52727,15583.39903,18109.05566,16100.08271,16062.41982,17789.56261
SVN,,,,,,,,,,,,,,,,,,,,,,,,,,,,,,8698.900018,6338.55227,6272.25085,6362.778782,7230.921231,10523.72455,10635.42713,10282.32149,10974.48893,11250.21582,10045.36008,10290.31605,11599.90192,14607.2005,16944.18953,17854.63533,19405.93327,23441.00062,27015.08238,24051.03607,22942.36443,24478.28183
SOM,68.09327759,70.79549052,73.58551555,76.4550217,79.40097572,81.8562107,84.21483006,86.59325764,88.68339928,91.75888146,95.21153778,119.4572225,143.7755728,128.2941938,183.1637362,189.5175548,104.866479,106.8218649,102.5219417,99.11686292,111.8270057,123.4816031,118.3774658,128.9505531,144.420441,152.9444513,164.4906403,166.9995232,173.7969402,145.0648693,,,,,,,,,,,,,,,,,,,,,
ZAF,431.353939,448.0016072,484.5258308,519.4097022,554.7900028,591.8119157,646.2755716,684.3237389,754.9138987,810.7661943,874.4494175,897.3817795,1202.468374,1477.02322,1494.158502,1403.952336,1526.80767,1719.895713,2076.284081,2920.782714,3073.12242,2764.289433,2893.725145,2792.007909,2142.151823,2475.044545,3158.590603,3398.641375,3621.522918,3182.214046,3345.809473,3557.111038,3479.924054,3546.668992,3862.808993,3593.2776,3636.171059,3205.168759,3102.813833,3019.946367,2638.15805,2439.991779,3647.70412,4695.039363,5234.313052,5468.298059,5930.12741,5597.967476,5758.002522,7266.078871,7942.834101
ESP,450.0532892,520.2061314,609.4873841,675.2416391,774.7616093,889.659872,968.3067818,950.5457406,1077.6787,1177.064664,1323.855193,1664.050524,2193.020504,2686.655031,3136.497916,3201.602719,3535.897952,4228.984283,5601.078485,6036.573107,5217.597656,5015.491247,4353.97153,4365.424543,4569.122167,6332.287485,8011.38285,9433.618945,10381.2953,13409.58383,14391.61597,15680.04272,13009.10097,13109.73053,15150.95022,15766.39667,14466.96794,15126.43161,15475.52155,14413.78887,14952.09084,16611.71338,21041.5376,24468.74543,26056.38877,28024.7485,32118.10202,34977.38905,31714.24436,29956.15635,31984.72564
LKA,143.0312875,139.6734291,117.3112562,121.2364236,152.1246263,153.11396,158.8878938,150.1981713,160.4265604,183.5121135,186.7067455,198.5799198,219.6642732,269.0896165,280.9201353,261.8152553,294.3989085,192.6133796,232.4911161,272.9112294,297.4233283,313.817124,335.2087502,387.3277474,377.3804426,397.1730988,408.1211213,420.409156,415.2907984,472.0864633,521.2464575,556.8123285,585.8936663,654.9440618,718.4438443,757.9482098,812.7924836,840.8737674,821.5964534,854.9267252,837.6988035,903.8964049,984.8101725,1063.160584,1242.40435,1424.10187,1614.36441,2013.840903,2057.027343,2399.920054,2836.114714
SDN,157.8027205,166.4236378,164.3271414,163.8014446,165.5702934,164.6876329,172.8327508,174.7857415,186.4439501,205.2457176,216.5050946,227.4248548,272.7198368,339.2786241,399.3999417,480.8247231,578.7002924,605.2798334,604.8810213,528.3075574,638.6333463,598.2538391,528.6527486,606.638374,728.7185478,906.0143589,1137.33358,830.2186475,792.7054736,620.1594112,546.0063228,322.983839,390.4514678,540.2053948,563.8208978,356.9764342,450.946303,424.6768012,394.3822868,442.0262695,463.6173955,507.2023148,588.7196824,697.1696477,839.7739681,1085.244633,1368.418274,1575.234403,1510.496247,1817.337128,1758.214277
SWZ,120.3449656,125.5828121,144.7346614,169.8505852,179.4417386,191.5298453,181.6864331,188.9803302,243.0661062,251.5228537,297.4864261,310.6688442,455.9999182,526.9598234,557.5321677,511.0976923,552.7007003,600.1656207,704.0311585,898.2959027,919.8479614,840.8264747,843.3402399,726.9108156,511.7170779,611.2500142,761.1585108,863.5759566,835.8506379,1292.057402,1303.058139,1415.016338,1465.293184,1503.134452,1763.483593,1627.965458,1705.18714,1532.923113,1476.780019,1433.175389,1255.467014,1131.251069,1704.174166,2211.09193,2339.289952,2636.185356,2690.647766,2616.946692,2693.516041,3093.53953,3274.387294
SWE,2147.229311,2315.846527,2492.545346,2758.943466,3007.597978,3240.611037,3490.550337,3683.313694,3972.002749,4401.973711,4770.489899,5601.778815,6785.94955,7518.998275,9403.310528,10101.28153,10640.66842,11729.88395,13827.24133,15891.22257,14486.22109,12765.10792,11729.24406,12181.86601,12732.35045,16812.23225,20423.83483,22968.96478,24059.79639,28556.9519,29912.22519,30806.18987,23173.29642,24775.39173,28739.28592,31269.79088,28620.40835,28779.11562,29218.47171,27869.3776,25557.61254,28118.9848,35131.20776,40261.12201,41040.66502,43948.61977,50558.39553,52730.77539,43639.54832,49359.86692,57071.20435
CHE,1971.316323,2131.391652,2294.182847,2501.29319,2620.475547,2784.733548,2960.722586,3121.889031,3344.783603,,,,,,,,,,,17807.34013,16219.90552,16527.4595,16398.23574,15601.25596,15748.94646,22458.88498,27950.28713,30016.14909,28747.40785,36337.09553,36309.50835,37383.05449,36027.27754,39566.60087,46014.20798,44123.02715,38407.95376,39227.02645,38290.67488,35639.47886,36328.14291,39350.44275,45588.61982,50641.8372,51734.30389,54140.49815,59663.77026,68555.37187,65790.06735,70572.65694,83325.92987
SYR,199.3096146,226.7651229,237.3445933,256.3832013,272.6835385,240.58424,273.9897392,294.0924772,364.0402098,335.5463471,392.4394704,448.0579087,458.4306249,705.6591157,902.5622379,975.8289014,951.5171299,1109.030179,1147.687514,1458.485206,1672.710023,1695.405766,1765.819454,1697.094541,1537.748924,1206.217943,998.3980494,901.7270902,815.1160114,988.5223252,1012.757644,1004.974682,1009.822499,725.8193704,794.8469677,935.1196753,956.2720095,974.9593788,992.3802288,1180.48069,1263.388659,1269.941768,1261.853627,1419.264181,1588.505672,1772.56033,2065.539632,2584.378711,2564.458854,2746.85381,
TJK,,,,,,,,,,,,,,,,,,,,,,,,,,,,,,496.3664537,468.0240177,345.6771837,293.1731154,236.0452889,212.9067853,178.0674298,155.2662344,219.5478754,178.2818385,139.1091416,171.8421974,190.6763421,238.0120376,311.5502447,339.7644428,406.9634195,523.0606517,709.4374422,668.4422775,739.6749481,834.5905924
TZA,,,,,,,,,,,,,,,,,,,,,,,,,,,,,,,,,,,,,,,,,,,,,,,,,,,
THA,107.6080674,113.870118,118.2057659,125.9800685,137.9461685,161.0283725,166.9464158,174.8134291,186.9124731,192.1586577,194.2870346,209.3788474,269.8700005,332.1323273,351.5678742,391.5226332,445.3955229,528.6367916,589.9319782,683.0083162,721.1579666,742.9783104,798.2169811,818.1117291,747.6315992,813.0970283,935.9620138,1122.105476,1294.043518,1508.290522,1717.860885,1932.89648,2152.772968,2467.17802,2848.546866,3054.753307,2506.213519,1836.684198,1989.994923,1968.536991,1831.902788,1988.733736,2211.874014,2478.817568,2689.953147,3143.235855,3737.717255,4118.401435,3978.905381,4802.662758,5192.118907
TLS,,,,,,,,,,,,,,,,,,,,,,,,,,,,,,,,,,,,,,,,370.4376248,318.240713,315.8888418,319.059236,319.8595224,461.9961856,438.9618301,501.9932507,616.9340511,709.9545885,765.9505191,927.8157635
TGO,79.12003337,81.99461302,87.7920467,99.93795599,109.6200412,121.8335393,124.8791745,124.3495115,131.5697521,120.0539215,131.0988164,149.3510118,176.4737531,237.8139473,256.1026749,251.3229674,308.6808965,319.919016,337.4291802,417.6687676,342.2225163,281.8608627,253.0299355,228.6882469,234.3562735,315.4155059,359.6962799,385.1741005,367.1722411,429.9362994,412.1442546,424.794098,302.1483168,234.9943315,305.6094607,333.6496238,332.7828886,343.5285961,332.4410732,266.0464529,266.8807969,287.8071867,318.2552563,358.8603201,381.7820197,387.4198489,432.4844132,527.690899,514.7730045,503.1617885,569.4697158
TTO,675.9814448,703.7607454,759.8715494,788.1319677,807.2751306,786.7575745,822.9470118,814.7371649,830.8400313,868.7668701,937.6799933,1118.349698,1331.970358,2048.039641,2414.927253,2437.877048,3018.653918,3379.473374,4304.546167,5745.718947,6212.046338,7129.858966,6849.859146,6711.222469,6299.239285,4049.110386,4014.037456,3732.130281,3562.085074,4147.682985,4360.352262,4470.448436,3684.192625,3956.764515,4246.382397,4577.000988,4551.325458,4786.930366,5383.521802,6430.949785,6935.901256,7050.255428,8751.647773,9985.215426,12405.05615,14162.80542,16591.39187,21282.79193,14557.01681,15572.68876,17626.5588
TUN,202.4971449,202.267513,231.4221779,226.4189197,214.0491618,220.0096033,224.6496046,246.2263048,256.3805634,280.7173972,323.560441,422.6356083,506.7609949,645.4371608,771.5083414,785.07028,867.6036587,986.59985,1156.573028,1369.526112,1285.778229,1208.697161,1209.323879,1172.100008,1158.370193,1203.554986,1261.815621,1284.904863,1269.286378,1507.231456,1571.828353,1825.379132,1687.451994,1773.313,2012.936266,2154.986939,2251.368468,2336.083943,2426.388363,2245.335059,2281.05688,2365.758861,2790.004368,3139.529118,3218.961081,3394.310288,3799.347874,4331.240807,4177.130224,4206.779922,4350.335976
TUR,284.012776,308.5108221,349.7607692,368.8299117,385.3438006,445.1420905,482.7563603,527.167359,573.0681351,491.3994389,456.5430211,560.1342289,688.4265615,930.164658,1139.032326,1278.784153,1430.436662,1552.853418,2083.178518,1566.747565,1580.886116,1403.243984,1310.279785,1246.201991,1367.173131,1508.919436,1703.649342,1742.959683,2019.065889,2790.580487,2750.643902,2850.389758,3181.317556,2268.39727,2896.090604,3052.959569,3144.393932,4392.350168,4012.472811,4219.544337,3057.79065,3576.22786,4595.287771,5866.744702,7129.58488,7736.09839,9312.051871,10379.49195,8626.398166,10135.42091,10604.84015
TKM,,,,,,,,,,,,,,,,,,,,,,,,,,,698.1385592,859.0408868,854.1928716,881.1523546,847.54172,824.4621526,796.4158445,625.347602,592.6987853,557.510449,565.0576697,592.8360328,550.7870249,645.2771015,776.5722304,969.9702443,1286.013985,1455.93605,1706.956726,2140.455026,2606.741439,3918.917489,4059.973975,4479.033231,5495.127052
UGA,63.03559686,62.03711347,68.9578256,76.06941764,110.3644674,111.5892087,112.7235145,116.9156032,127.5327882,133.34233,145.7957956,149.2695714,165.9249372,199.2577251,217.9305825,219.6930742,255.9991125,204.7921156,175.6392735,99.17385796,103.4204298,163.4221154,163.0743007,254.9528837,240.0640974,258.4359559,398.4145741,398.8214058,311.7999578,245.476991,182.9539451,152.0859521,165.7417793,198.71522,277.512889,282.3557553,283.8789942,289.0555523,255.1733152,255.1218578,232.8003835,238.1551263,236.1053445,285.9641541,313.7989764,335.8041091,387.7808445,454.4041341,480.8713765,505.9876849,478.6156442
UKR,,,,,,,,,,,,,,,,,,,,,,,,,,,1249.443278,1449.962499,1597.492984,1569.730041,1489.679692,1417.869939,1258.136326,1012.105183,935.9680987,872.7091858,991.2301007,835.2602968,635.766242,635.7089682,780.7380311,879.4750486,1048.522488,1367.352433,1828.717626,2303.018831,3068.608998,3891.037823,2545.480341,2973.981709,3575.507325
ARE,,,,,,,,,,,,,,,27631.89854,30817.26338,34371.46289,28742.85535,33716.72408,42961.83822,45232.63353,40339.27187,35218.05797,32731.50724,30138.88635,23788.11076,24019.64401,22543.09623,24289.94214,28066.14992,27018.92638,26944.75487,26224.14905,26568.48993,28020.08541,29776.16001,30218.1755,27482.9829,29183.05043,34476.28542,32984.74237,34062.42574,36906.19989,40403.98817,43533.89178,45554.2194,44528.99601,46309.98211,35025.10449,34048.53025,39057.84011
GBR,1452.544709,1513.651449,1592.614477,1729.399978,1850.954769,1959.62783,2023.627564,1896.386749,2032.34701,2241.971395,2525.628212,2891.980901,3257.305833,3516.420283,4204.922043,4041.039711,4565.465489,5785.461739,7511.1077,9622.975043,9142.466504,8718.267257,8266.523695,7777.644289,8209.836963,10063.83866,12333.13719,14951.05213,15057.17922,17805.24909,18532.04993,19133.77457,17170.31512,18528.92558,20177.13912,21144.8487,23459.71661,24995.8829,25625.23225,25057.61353,24836.35853,26996.97203,31152.98778,36695.14476,38121.56298,40480.96134,46330.24582,43146.82944,35331.28096,36232.81442,38960.75793
USA,2934.552778,3107.937417,3232.208009,3423.396282,3664.80187,3972.12309,4152.019837,4491.424305,4802.642485,4997.756667,5360.178368,5836.223654,6461.735934,6948.198304,7516.680326,8297.291719,9142.794873,10225.30719,11301.68181,12179.55771,13526.18689,13932.67836,15000.08555,16539.38302,17588.80987,18427.28821,19393.78181,20703.15216,22039.22713,23037.94122,23443.26254,24411.14325,25326.73641,26577.76122,27559.16749,28772.35573,30281.6359,31687.05185,33332.13876,35081.92308,35912.33298,36819.44509,38224.73893,40292.30373,42516.39347,44622.64202,46349.11548,46759.55984,45305.05176,46615.51086,48112.60014
URY,602.536383,656.372409,583.984816,740.7488127,701.0707166,664.2450294,581.0876981,574.3172968,717.0600492,760.5894615,996.054849,775.9667764,1404.629998,1448.240452,1250.112977,1290.525538,1440.094844,1707.309869,2479.675587,3485.577433,3764.358435,3106.997021,1715.954703,1620.721156,1571.097843,1939.957152,2415.582172,2676.186291,2731.954068,2990.037321,3578.040328,4082.268629,4720.822043,5458.699065,5984.916524,6317.145151,7328.967354,7712.156508,7248.348746,6872.733686,6282.020902,4089.104312,3622.297337,4117.649447,5221.673188,5879.340339,7012.535692,9067.504668,8995.692611,11520.27259,13723.92184
UZB,,,,,,,,,,,,,,,,,,,,,,,,,,,,,,651.4192097,658.6558681,603.934942,597.0252726,576.4434172,585.9320401,600.5981578,623.0026524,623.2161328,702.4807441,558.221144,456.7034892,383.3494997,396.129969,465.1198869,546.7768502,642.9604146,830.4076942,1023.119641,1181.84736,1364.78746,1544.730345
VEN,1133.465025,1208.150861,1257.84658,1037.316155,1055.762649,1073.350288,1077.451599,1142.492624,1149.805619,1211.555172,1304.559014,1387.177054,1636.647158,2364.38332,2465.73199,2748.700452,3097.292393,3286.707229,3811.06694,4447.085435,4855.378497,4796.237929,4784.217469,3317.108288,3344.487963,3311.087004,2481.057185,3113.521877,2188.521626,2382.251061,2558.724047,2825.796102,2746.069746,2613.905373,3389.83587,3026.070802,3728.787997,3889.609906,4091.632001,4799.646018,4942.00061,3666.652442,3241.519616,4282.015326,5444.662518,6747.759125,8329.640488,11223.21131,11524.97973,13559.33118,10727.98288
VNM,,,,,,,,,,,,,,,,,,,,,,,,,239.4286952,437.1295435,593.6535736,401.874911,97.15788506,98.031869,142.9658899,144.1486586,189.2605161,229.9548051,288.0202779,337.0500628,361.2544883,360.600798,374.4764201,401.5478021,415.731158,440.7692865,491.5285145,557.8233999,642.2508667,731.1405878,843.2042904,1070.154959,1129.67515,1224.246918,1408.006313
YEM,,,,,,,,,,,,,,,,,,,,,,,,,,,,,,478.9764753,478.8525802,495.6423809,391.0787697,289.4656586,283.5751583,371.3857763,425.101377,381.8600601,448.5390694,549.9399017,546.5362272,576.4238637,617.2411934,707.3734732,831.8802898,916.7343934,1019.541278,1237.999904,1105.817474,1400.667685,1361.32653
ZMB,215.0070573,207.7847516,209.0673411,236.8778754,296.3658517,335.5531592,352.0330754,400.5186039,474.882125,426.802812,381.530122,417.7108172,524.8245047,606.5918077,492.1115873,534.4708114,474.2410851,512.971779,592.3880807,664.3357125,663.7101869,620.8337871,516.0826077,409.7783832,329.383655,236.3956445,312.7107457,500.7572918,522.390448,419.1949822,420.091125,386.7572337,388.6364884,387.9873979,393.3392687,360.4311373,419.5658901,338.0016707,318.2521686,322.1025512,352.612855,349.2834202,398.5344753,486.7424372,625.8537548,908.3817072,953.0787078,1175.351051,998.4404343,1224.953863,1408.561319
ZWE,282.8860008,278.9637599,280.021055,284.4073324,296.5620914,280.5736722,296.0622495,303.5631533,347.0788607,361.9085608,404.5651934,480.4582727,573.7101701,667.2724903,708.4460716,677.5037009,663.209803,640.2366023,736.3671649,916.2854987,1058.008099,1084.160554,947.0848347,744.869613,636.2357495,676.2669948,707.5762822,793.0491509,814.9899895,839.6099886,805.1283942,614.8172338,585.4900742,602.9296526,610.967289,722.021541,708.0943041,523.4856833,553.7476169,535.0402914,538.4533524,501.7131151,451.9486489,457.3841445,452.7890275,427.8343859,415.375482,345.4074343,475.8538049,568.4275419,722.8377047